id;latitude;longitude;Code postal;pop;Adresse;Ville;horaires;services;prix;rupture;geom;Prix Gazole mis à jour le;Prix Gazole;Prix SP95 mis à jour le;Prix SP95;Prix E85 mis à jour le;Prix E85;Prix GPLc mis à jour le;Prix GPLc;Prix E10 mis à jour le;Prix E10;Prix SP98 mis à jour le;Prix SP98;Début rupture e10 (si temporaire);Type rupture e10;Début rupture sp98 (si temporaire);Type rupture sp98;Début rupture sp95 (si temporaire);Type rupture sp95;Début rupture e85 (si temporaire);Type rupture e85;Début rupture GPLc (si temporaire);Type rupture GPLc;Début rupture gazole (si temporaire);Type rupture gazole;Carburants disponibles;Carburants indisponibles;Carburants en rupture temporaire;Carburants en rupture definitive;Automate 24-24 (oui/non);Services proposés;Département;code_departement;Région;code_region;horaires détaillés
DAB (Distributeur automatique de billets);Landes;40;Nouvelle-Aquitaine;75;Automate-24-24
""
""
""
""
""
""
""
""
""
""
""
""
""
""
""
""
""
""
""
""
""
""
""
""
""
""
""
Carburant additivé;Seine-et-Marne;77;Île-de-France;11;
""
""
""
""
""
""
""
""
""
""
""
""
""
""
""
""
""
""
""
""
""
""
""
""
""
""
""
""
""
""
""
""
""
""
""
""
""
""
""
""
""
""
""
""
""
""
""
""
""
""
""
""
""
""
""
""
""
DAB (Distributeur automatique de billets);Saône-et-Loire;71;Bourgogne-Franche-Comté;27;Automate-24-24
""
""
""
""
""
""
""
""
""
""
""
""
""
""
""
""
""
""
""
""
""
""
DAB (Distributeur automatique de billets);Tarn-et-Garonne;82;Occitanie;76;
""
""
""
""
""
""
""
""
""
""
""
""
""
""
""
""
""
""
""
""
""
""
""
""
""
""
""
""
""
""
""
""
""
""
""
""
""
""
""
""
""
""
""
""
""
""
""
""
""
""
""
""
""
""
""
""
""
""
""
""
""
""
""
""
""
""
""
""
""
""
""
""
""
""
""
""
""
""
""
""
""
""
""
""
""
""
""
""
""
DAB (Distributeur automatique de billets);Alpes-de-Haute-Provence;04;Provence-Alpes-Côte d'Azur;93;
""
""
""
""
""
""
""
""
""
""
""
""
""
""
""
""
""
""
""
""
""
""
""
""
""
""
""
""
""
""
""
""
""
""
""
""
""
""
""
""
DAB (Distributeur automatique de billets);Aude;11;Occitanie;76;
""
""
""
""
""
""
""
""
""
""
""
""
""
""
""
""
""
""
""
""
Wifi;Indre;36;Centre-Val de Loire;24;
""
Automate CB 24/24;Pyrénées-Orientales;66;Occitanie;76;Automate-24-24
""
""
""
""
""
""
""
""
""
""
""
""
""
""
""
""
""
""
""
""
""
""
""
""
""
""
""
Automate CB 24/24;Alpes-de-Haute-Provence;04;Provence-Alpes-Côte d'Azur;93;Automate-24-24
""
""
""
""
""
""
""
 Propane);Var;83;Provence-Alpes-Côte d'Azur;93;
""
""
""
""
""
""
""
""
""
""
""
""
""
""
 Propane);Hautes-Alpes;05;Provence-Alpes-Côte d'Azur;93;
""
""
""
""
""
""
""
""
""
""
""
""
""
""
""
""
""
 Propane);Val-d'Oise;95;Île-de-France;11;
""
""
""
""
""
""
""
""
""
""
DAB (Distributeur automatique de billets);Doubs;25;Bourgogne-Franche-Comté;27;Automate-24-24
""
""
""
""
""
""
""
""
""
""
""
""
Wifi;Paris;75;Île-de-France;11;
""
""
""
""
""
Automate CB 24/24;Var;83;Provence-Alpes-Côte d'Azur;93;Automate-24-24
""
""
""
""
""
""
""
""
""
""
""
""
""
""
""
""
""
""
""
""
""
""
""
""
""
""
""
""
""
""
""
""
""
""
""
""
""
""
""
""
""
""
""
""
""
DAB (Distributeur automatique de billets);Vaucluse;84;Provence-Alpes-Côte d'Azur;93;
""
""
""
""
""
""
""
""
""
""
""
""
""
""
Automate CB 24/24;Haut-Rhin;68;Grand Est;44;Automate-24-24
""
""
 Dimanche00.00-23.59
""
""
""
""
""
""
""
""
""
""
""
""
""
""
""
""
""
""
""
""
""
""
""
""
DAB (Distributeur automatique de billets);Oise;60;Hauts-de-France;32;
""
""
""
""
""
 Dimanche09.30-12.00
""
""
""
""
""
""
""
""
""
""
""
""
""
Automate CB 24/24;Nord;59;Hauts-de-France;32;Automate-24-24
""
DAB (Distributeur automatique de billets);Haute-Marne;52;Grand Est;44;
""
""
""
""
""
""
""
""
""
""
""
""
""
""
""
""
""
""
""
""
""
""
""
""
""
""
""
""
""
""
""
""
""
""
""
""
""
""
""
""
""
""
""
""
""
""
""
""
""
DAB (Distributeur automatique de billets);Aude;11;Occitanie;76;Automate-24-24
""
""
""
""
""
""
""
""
""
""
""
""
""
""
DAB (Distributeur automatique de billets);Creuse;23;Nouvelle-Aquitaine;75;
""
""
""
""
DAB (Distributeur automatique de billets);Somme;80;Hauts-de-France;32;
""
""
""
""
""
""
""
""
""
""
""
""
""
Automate CB 24/24;Maine-et-Loire;49;Pays de la Loire;52;Automate-24-24
""
""
""
""
 Dimanche
""
""
""
""
""
""
""
""
""
""
""
""
""
""
""
""
""
""
""
""
""
""
""
""
""
""
""
""
""
""
""
""
""
""
""
""
""
""
""
""
""
""
""
""
""
""
""
""
""
""
""
""
""
""
""
""
""
""
""
""
""
""
""
""
""
""
""
""
""
""
""
""
""
""
""
""
""
""
""
""
""
""
""
""
""
""
""
Automate CB 24/24;Saône-et-Loire;71;Bourgogne-Franche-Comté;27;Automate-24-24
""
""
""
""
""
""
""
""
""
""
""
""
""
""
""
""
""
""
""
""
""
""
""
""
""
""
""
""
""
""
""
""
""
""
""
""
""
""
""
""
""
""
""
""
""
""
""
""
""
""
""
""
""
""
""
""
""
""
""
""
""
""
""
""
""
""
""
""
""
""
""
""
""
""
""
""
""
""
""
""
""
""
""
""
""
""
 Dimanche00.00-23.59
""
""
""
""
""
""
""
""
""
""
""
DAB (Distributeur automatique de billets);Gard;30;Occitanie;76;Automate-24-24
""
""
""
""
""
""
""
""
""
""
""
""
""
""
""
""
""
""
""
""
""
""
""
""
""
""
""
""
""
""
""
""
""
DAB (Distributeur automatique de billets);Gard;30;Occitanie;76;
DAB (Distributeur automatique de billets);Aisne;02;Hauts-de-France;32;
""
""
""
""
""
""
""
""
""
""
""
""
""
""
DAB (Distributeur automatique de billets);Hauts-de-Seine;92;Île-de-France;11;
""
""
""
""
""
""
""
""
DAB (Distributeur automatique de billets);Oise;60;Hauts-de-France;32;Automate-24-24
""
""
""
""
""
""
""
""
""
""
""
""
""
""
""
""
""
""
""
""
""
""
""
""
""
""
""
""
""
""
""
""
""
""
""
""
""
""
""
""
""
""
""
""
""
""
""
""
""
""
""
""
""
""
""
""
""
""
""
""
""
""
""
""
""
""
""
""
""
""
""
""
""
""
""
""
""
""
""
""
""
""
""
""
""
""
""
""
""
""
""
""
""
""
""
""
""
""
""
""
""
""
""
""
""
""
""
""
""
""
""
""
""
""
""
""
""
""
""
""
""
""
""
""
""
""
""
""
""
""
""
""
""
""
""
Automate CB 24/24;Haute-Garonne;31;Occitanie;76;Automate-24-24
""
""
""
""
""
""
""
""
""
""
""
""
""
""
""
""
""
""
""
""
""
""
""
""
""
""
""
""
""
""
""
""
""
DAB (Distributeur automatique de billets);Savoie;73;Auvergne-Rhône-Alpes;84;Automate-24-24
""
""
""
""
""
""
""
""
""
""
""
""
""
""
""
""
""
""
""
""
""
""
""
""
Automate CB 24/24;Isère;38;Auvergne-Rhône-Alpes;84;Automate-24-24
""
""
""
""
""
""
""
""
""
""
""
""
Automate CB 24/24;Dordogne;24;Nouvelle-Aquitaine;75;Automate-24-24
""
""
""
""
""
""
""
""
""
""
""
""
""
""
""
""
""
""
""
""
""
""
""
""
""
""
""
""
""
""
""
""
""
""
""
""
""
""
""
""
""
""
""
""
""
Espace bébé;Meurthe-et-Moselle;54;Grand Est;44;
""
""
""
""
""
""
""
""
""
""
""
""
""
""
""
""
""
""
""
""
""
""
""
""
""
""
""
""
""
""
""
""
""
""
""
""
""
""
""
""
""
""
""
""
""
""
""
""
""
""
""
""
""
""
""
""
""
""
""
""
""
Automate CB 24/24;Manche;50;Normandie;28;Automate-24-24
""
""
""
""
""
""
""
""
""
""
""
""
""
""
""
""
""
""
""
""
""
""
""
""
""
""
""
""
""
""
""
""
""
""
""
""
""
""
""
""
""
""
""
""
""
""
""
""
""
""
""
""
""
""
""
""
""
""
""
""
""
""
""
""
 Dimanche
""
""
""
""
""
""
""
""
""
""
""
""
""
""
""
""
""
""
""
""
""
""
""
""
""
""
""
""
""
""
""
""
""
""
""
""
""
""
""
""
""
""
""
""
""
""
""
""
""
""
""
""
""
""
""
 Propane);Drôme;26;Auvergne-Rhône-Alpes;84;
""
""
""
Automate CB 24/24;Isère;38;Auvergne-Rhône-Alpes;84;Automate-24-24
""
""
Espace bébé;Aisne;02;Hauts-de-France;32;
""
""
""
""
""
""
""
""
""
""
""
""
""
""
""
""
""
""
""
""
""
""
""
""
""
""
""
""
""
""
""
""
""
""
""
""
""
""
""
 Dimanche01.00-01.00
""
""
""
""
""
""
""
""
""
""
""
""
""
""
""
""
""
""
""
""
""
""
""
""
""
""
""
DAB (Distributeur automatique de billets);Haute-Garonne;31;Occitanie;76;Automate-24-24
""
""
""
""
""
""
""
""
""
""
""
""
""
""
""
""
DAB (Distributeur automatique de billets);Var;83;Provence-Alpes-Côte d'Azur;93;Automate-24-24
""
""
""
""
""
""
""
""
""
""
""
""
""
""
""
""
""
""
""
""
""
""
""
""
""
""
""
""
""
""
""
""
""
""
""
""
""
""
""
""
""
""
""
""
""
""
""
""
""
""
""
""
""
""
""
""
""
""
""
""
""
""
""
""
""
""
""
""
""
""
""
""
""
""
""
""
""
""
""
""
""
""
""
""
""
""
""
""
""
""
""
""
""
""
""
""
""
""
""
""
DAB (Distributeur automatique de billets);Lot-et-Garonne;47;Nouvelle-Aquitaine;75;Automate-24-24
""
""
""
""
""
""
""
""
""
""
""
""
""
""
""
""
""
""
""
""
""
""
""
""
""
""
""
""
""
""
""
""
""
""
""
""
""
""
""
""
""
""
""
""
""
""
""
""
""
""
""
""
""
""
""
""
""
""
""
""
Automate CB 24/24;Rhône;69;Auvergne-Rhône-Alpes;84;Automate-24-24
Bornes électriques;Pyrénées-Orientales;66;Occitanie;76;
""
""
""
""
""
""
""
""
""
""
""
""
""
""
""
""
""
""
""
""
""
""
""
""
""
""
""
""
""
""
""
""
""
""
""
""
""
""
""
""
""
""
""
""
""
""
""
Automate CB 24/24;Haute-Corse;2B;Corse;94;Automate-24-24
""
""
""
""
DAB (Distributeur automatique de billets);Seine-Saint-Denis;93;Île-de-France;11;
""
""
""
""
""
""
""
""
""
 Dimanche
""
""
""
""
""
""
""
""
""
""
""
""
""
""
""
""
""
""
 Propane);Jura;39;Bourgogne-Franche-Comté;27;
""
""
""
""
DAB (Distributeur automatique de billets);Gers;32;Occitanie;76;
""
""
""
""
""
""
""
DAB (Distributeur automatique de billets);Côtes-d'Armor;22;Bretagne;53;Automate-24-24
""
""
""
""
""
""
""
""
""
""
""
""
""
""
""
""
""
""
""
""
""
""
""
""
""
""
""
""
""
""
""
""
""
""
""
""
""
""
""
""
 Propane);Seine-Saint-Denis;93;Île-de-France;11;
""
""
""
""
""
""
""
""
""
""
""
""
""
""
Automate CB 24/24;Essonne;91;Île-de-France;11;Automate-24-24
""
""
""
""
""
""
""
""
""
""
""
""
""
""
""
""
""
""
""
""
""
""
""
""
""
""
""
""
""
""
""
""
""
""
""
""
""
""
""
""
""
""
""
""
""
""
""
""
""
""
""
DAB (Distributeur automatique de billets);Rhône;69;Auvergne-Rhône-Alpes;84;Automate-24-24
""
""
""
""
""
""
""
""
""
""
""
""
""
""
""
Automate CB 24/24;Aube;10;Grand Est;44;Automate-24-24
Automate CB 24/24;Alpes-de-Haute-Provence;04;Provence-Alpes-Côte d'Azur;93;Automate-24-24
""
""
""
""
""
""
""
""
""
""
""
""
""
""
""
""
""
""
""
""
""
""
""
""
""
""
""
""
""
DAB (Distributeur automatique de billets);Oise;60;Hauts-de-France;32;
""
""
""
""
""
""
""
""
""
Automate CB 24/24;Var;83;Provence-Alpes-Côte d'Azur;93;Automate-24-24
""
""
""
""
""
""
""
""
""
""
""
""
""
""
""
""
""
""
""
""
""
""
""
""
""
""
""
""
""
""
""
""
""
""
""
""
""
""
""
""
""
""
""
""
""
""
""
""
""
""
""
""
""
DAB (Distributeur automatique de billets);Calvados;14;Normandie;28;
""
""
""
""
""
""
""
""
""
""
""
""
""
""
""
""
""
""
""
""
""
""
""
Automate CB 24/24;Loire;42;Auvergne-Rhône-Alpes;84;Automate-24-24
""
""
""
""
""
""
""
""
""
""
""
""
""
""
""
""
""
""
""
""
""
""
""
""
""
""
""
""
""
""
""
""
""
""
""
""
""
""
""
""
""
""
""
""
""
""
""
""
""
""
""
""
Automate CB 24/24;Oise;60;Hauts-de-France;32;Automate-24-24
""
""
""
""
""
""
""
""
""
""
""
""
""
""
DAB (Distributeur automatique de billets);Hautes-Pyrénées;65;Occitanie;76;Automate-24-24
""
""
""
""
""
""
""
""
""
""
""
""
""
""
""
""
""
""
""
DAB (Distributeur automatique de billets);Haute-Garonne;31;Occitanie;76;Automate-24-24
""
""
""
""
""
""
""
""
""
DAB (Distributeur automatique de billets);Sarthe;72;Pays de la Loire;52;
""
""
DAB (Distributeur automatique de billets);Hérault;34;Occitanie;76;Automate-24-24
""
 Dimanche
""
""
""
""
""
""
""
""
""
""
""
""
""
""
Automate CB 24/24;Loire-Atlantique;44;Pays de la Loire;52;Automate-24-24
""
""
DAB (Distributeur automatique de billets);Deux-Sèvres;79;Nouvelle-Aquitaine;75;Automate-24-24
DAB (Distributeur automatique de billets);Eure-et-Loir;28;Centre-Val de Loire;24;Automate-24-24
""
""
""
""
""
""
""
""
DAB (Distributeur automatique de billets);Alpes-Maritimes;06;Provence-Alpes-Côte d'Azur;93;
""
""
""
""
""
""
""
""
""
""
""
 Dimanche00.00-23.59
""
""
""
""
""
""
""
""
""
""
""
""
""
""
""
""
""
""
""
""
""
""
""
""
""
""
""
""
""
""
""
""
""
""
""
""
""
""
""
""
""
Automate CB 24/24;Var;83;Provence-Alpes-Côte d'Azur;93;Automate-24-24
""
""
""
""
""
""
DAB (Distributeur automatique de billets);Tarn;81;Occitanie;76;
""
""
""
""
""
""
""
""
""
""
""
""
""
""
""
""
""
""
""
""
""
""
""
""
""
""
""
DAB (Distributeur automatique de billets);Charente;16;Nouvelle-Aquitaine;75;Automate-24-24
""
""
""
""
""
""
""
""
""
""
""
""
""
""
""
""
""
""
""
""
""
""
""
""
""
""
""
""
""
""
""
""
""
""
""
""
""
""
""
""
""
""
""
""
""
""
""
""
""
""
""
""
""
""
""
""
""
""
""
""
""
""
""
""
""
""
""
""
""
""
""
""
""
""
""
""
""
""
""
""
""
""
Automate CB 24/24;Tarn;81;Occitanie;76;Automate-24-24
""
""
DAB (Distributeur automatique de billets);Jura;39;Bourgogne-Franche-Comté;27;
""
""
""
""
""
""
""
""
""
""
""
""
""
""
""
""
""
""
""
""
""
""
""
""
""
""
""
""
""
""
""
""
""
""
""
""
""
""
 Propane);Moselle;57;Grand Est;44;
""
""
""
""
""
""
""
""
""
""
""
""
""
""
""
""
""
""
""
""
""
""
""
""
""
""
""
""
Automate CB 24/24;Pyrénées-Atlantiques;64;Nouvelle-Aquitaine;75;Automate-24-24
""
""
""
""
Automate CB 24/24;Pas-de-Calais;62;Hauts-de-France;32;Automate-24-24
""
""
""
""
DAB (Distributeur automatique de billets);Rhône;69;Auvergne-Rhône-Alpes;84;
""
""
""
""
""
""
""
""
""
""
""
""
""
""
""
""
""
""
""
""
""
""
""
""
""
DAB (Distributeur automatique de billets);Gironde;33;Nouvelle-Aquitaine;75;Automate-24-24
""
""
""
""
""
""
 Dimanche00.00-00.00
""
""
""
""
""
""
""
""
""
""
""
""
""
""
""
""
""
""
""
""
""
""
 Dimanche00.00-00.00
""
""
""
""
""
""
""
""
""
""
""
""
""
""
""
""
""
""
""
""
""
""
""
""
""
""
""
""
""
""
""
""
""
""
""
""
""
""
""
""
""
""
""
""
""
""
""
""
""
""
""
""
""
""
""
Automate CB 24/24;Doubs;25;Bourgogne-Franche-Comté;27;Automate-24-24
""
""
""
""
""
""
""
""
""
""
""
""
""
""
""
""
""
""
""
""
""
""
""
""
""
""
""
""
""
""
""
""
""
""
""
""
""
""
""
""
""
""
""
""
""
 Propane);Pas-de-Calais;62;Hauts-de-France;32;
""
""
""
""
""
""
""
""
""
""
""
""
""
""
""
""
""
""
""
""
""
""
""
""
""
""
""
""
""
""
""
""
""
""
""
""
""
""
""
""
""
""
""
""
""
""
""
""
""
""
""
""
""
""
""
""
""
""
""
""
""
""
""
""
""
""
""
""
""
""
""
""
""
""
""
""
""
""
""
""
""
""
 Dimanche01.00-01.00
""
""
""
""
""
""
""
""
""
""
""
""
""
""
""
""
""
""
""
""
""
""
""
""
""
""
""
""
""
""
""
""
""
""
""
""
""
""
""
""
""
""
""
""
""
""
""
""
""
""
""
""
""
""
""
""
""
""
""
""
""
Automate CB 24/24;Haute-Saône;70;Bourgogne-Franche-Comté;27;Automate-24-24
""
 Dimanche07.00-22.00
""
""
""
""
""
""
""
""
""
""
""
""
""
""
""
""
""
""
""
""
""
""
""
""
""
""
""
""
""
""
""
""
""
""
""
""
""
""
""
""
""
""
""
""
""
""
""
Automate CB 24/24;Ardennes;08;Grand Est;44;Automate-24-24
""
""
""
""
""
""
""
""
""
""
""
""
""
""
""
""
""
""
""
""
""
""
""
""
""
""
""
""
""
""
""
""
""
""
""
""
""
""
""
""
DAB (Distributeur automatique de billets);Bouches-du-Rhône;13;Provence-Alpes-Côte d'Azur;93;Automate-24-24
""
""
""
""
""
""
""
""
""
""
""
""
""
""
""
""
""
""
""
""
""
""
""
""
""
""
DAB (Distributeur automatique de billets);Côtes-d'Armor;22;Bretagne;53;Automate-24-24
""
""
DAB (Distributeur automatique de billets);Nord;59;Hauts-de-France;32;
""
""
""
""
""
""
""
""
""
""
""
""
""
""
""
""
""
""
""
""
""
""
""
""
DAB (Distributeur automatique de billets);Pas-de-Calais;62;Hauts-de-France;32;Automate-24-24
""
""
""
""
""
""
""
""
""
""
""
""
DAB (Distributeur automatique de billets);Haute-Garonne;31;Occitanie;76;Automate-24-24
""
""
""
""
""
""
""
""
""
""
""
""
""
""
""
""
""
""
""
""
""
""
""
""
""
""
""
""
""
""
""
""
""
""
""
""
""
""
""
""
""
""
Automate CB 24/24;Jura;39;Bourgogne-Franche-Comté;27;Automate-24-24
""
""
""
""
""
""
""
""
""
""
""
""
""
""
""
""
""
""
""
""
""
""
""
""
""
""
""
""
""
""
""
""
""
""
""
""
""
""
""
""
DAB (Distributeur automatique de billets);Loir-et-Cher;41;Centre-Val de Loire;24;
""
""
""
""
""
""
""
""
""
""
""
""
""
""
""
""
""
""
""
""
""
""
""
""
""
""
""
""
""
DAB (Distributeur automatique de billets);Somme;80;Hauts-de-France;32;Automate-24-24
""
""
""
""
""
""
""
""
""
""
""
""
""
""
""
""
""
""
""
Automate CB 24/24;Loir-et-Cher;41;Centre-Val de Loire;24;Automate-24-24
""
""
""
""
""
DAB (Distributeur automatique de billets);Calvados;14;Normandie;28;Automate-24-24
""
""
""
""
""
""
""
""
""
""
""
""
""
""
""
""
""
""
""
""
""
""
DAB (Distributeur automatique de billets);Landes;40;Nouvelle-Aquitaine;75;
""
""
""
""
""
""
""
""
""
""
""
""
""
""
""
""
""
""
""
""
""
""
""
""
""
""
""
""
""
""
""
""
""
""
""
""
""
""
""
""
Automate CB 24/24;Ille-et-Vilaine;35;Bretagne;53;Automate-24-24
""
""
""
""
""
""
""
""
""
""
""
""
""
""
""
""
""
""
""
""
""
""
""
""
""
""
""
""
""
""
""
""
""
""
""
""
""
""
""
""
""
""
""
""
""
""
""
""
""
""
""
""
""
""
""
""
""
""
""
""
""
""
""
""
""
""
""
""
""
""
""
""
""
""
""
""
""
DAB (Distributeur automatique de billets);Rhône;69;Auvergne-Rhône-Alpes;84;Automate-24-24
DAB (Distributeur automatique de billets);Bouches-du-Rhône;13;Provence-Alpes-Côte d'Azur;93;
""
""
""
""
""
""
""
 Propane);Calvados;14;Normandie;28;
""
""
""
""
""
""
""
""
""
""
""
""
""
""
""
""
""
""
""
""
""
""
""
""
""
""
DAB (Distributeur automatique de billets);Tarn;81;Occitanie;76;Automate-24-24
""
""
""
""
""
""
""
""
""
""
""
 Dimanche01.00-01.00
""
""
""
""
""
""
""
""
""
""
""
""
""
""
""
""
DAB (Distributeur automatique de billets);Yvelines;78;Île-de-France;11;Automate-24-24
""
""
""
""
""
""
""
""
""
""
""
""
""
""
""
""
""
""
""
""
""
""
""
""
""
""
""
""
""
""
""
""
""
""
""
""
""
""
DAB (Distributeur automatique de billets);Pyrénées-Orientales;66;Occitanie;76;Automate-24-24
""
""
""
""
""
""
""
""
""
""
""
""
""
Automate CB 24/24;Charente-Maritime;17;Nouvelle-Aquitaine;75;Automate-24-24
""
""
""
""
""
""
""
""
""
""
""
""
""
""
""
""
""
""
""
""
""
""
""
""
""
""
""
""
""
""
""
""
""
""
""
""
""
""
""
""
""
Vente d'additifs carburants;Eure;27;Normandie;28;
""
""
""
""
""
Automate CB 24/24;Gard;30;Occitanie;76;Automate-24-24
""
""
""
""
""
""
""
""
""
""
""
""
""
""
""
""
""
""
""
""
""
""
""
""
""
""
""
""
""
""
""
""
""
""
DAB (Distributeur automatique de billets);Seine-Saint-Denis;93;Île-de-France;11;
""
""
""
""
""
""
DAB (Distributeur automatique de billets);Landes;40;Nouvelle-Aquitaine;75;Automate-24-24
""
""
""
""
""
""
""
""
""
""
""
""
""
""
""
""
""
""
""
""
""
""
""
""
""
DAB (Distributeur automatique de billets);Gironde;33;Nouvelle-Aquitaine;75;
""
""
""
""
""
""
""
""
""
""
Automate CB 24/24;Lot-et-Garonne;47;Nouvelle-Aquitaine;75;Automate-24-24
""
Automate CB 24/24;Var;83;Provence-Alpes-Côte d'Azur;93;Automate-24-24
""
""
""
""
""
""
""
""
""
""
""
DAB (Distributeur automatique de billets);Aisne;02;Hauts-de-France;32;Automate-24-24
""
""
""
""
""
""
""
""
""
""
""
""
""
""
""
""
""
""
""
""
""
""
""
""
DAB (Distributeur automatique de billets);Seine-et-Marne;77;Île-de-France;11;Automate-24-24
""
""
""
""
""
""
""
""
""
""
""
""
""
""
""
""
""
""
""
""
""
""
""
""
""
""
""
""
""
Automate CB 24/24;Morbihan;56;Bretagne;53;Automate-24-24
""
""
""
""
""
""
""
""
""
""
""
""
""
""
""
""
""
""
""
""
""
""
""
""
""
""
""
""
""
""
""
""
""
""
""
""
""
""
""
""
""
""
""
""
""
""
""
""
""
""
""
""
""
""
""
""
""
""
""
""
""
""
""
""
""
""
""
""
""
""
""
""
""
""
""
""
""
""
""
""
""
""
""
""
""
""
""
""
""
""
""
""
""
""
""
""
""
""
""
""
""
""
""
""
DAB (Distributeur automatique de billets);Ain;01;Auvergne-Rhône-Alpes;84;Automate-24-24
""
""
""
""
""
""
""
""
""
""
""
""
""
""
""
""
""
""
""
""
""
""
""
""
DAB (Distributeur automatique de billets);Somme;80;Hauts-de-France;32;Automate-24-24
""
""
""
""
""
""
""
""
""
""
""
""
""
""
""
""
""
""
""
""
""
""
""
""
""
""
""
""
""
""
""
""
""
""
""
""
""
""
""
""
""
""
""
""
""
DAB (Distributeur automatique de billets);Ille-et-Vilaine;35;Bretagne;53;Automate-24-24
""
""
""
""
""
""
""
""
""
""
""
""
""
""
""
""
""
""
""
""
""
""
""
""
""
""
""
DAB (Distributeur automatique de billets);Rhône;69;Auvergne-Rhône-Alpes;84;Automate-24-24
""
""
""
""
""
""
""
""
""
""
""
""
""
""
""
""
""
DAB (Distributeur automatique de billets);Indre-et-Loire;37;Centre-Val de Loire;24;Automate-24-24
""
""
""
""
""
""
""
""
""
""
""
""
""
""
""
""
""
""
""
""
""
""
""
""
""
""
""
""
""
""
""
""
""
""
""
""
""
""
""
""
""
""
""
""
Automate CB 24/24;Charente;16;Nouvelle-Aquitaine;75;Automate-24-24
""
""
""
""
""
""
""
""
""
""
""
""
""
""
""
""
""
""
""
""
""
""
""
Automate CB 24/24;Loire-Atlantique;44;Pays de la Loire;52;Automate-24-24
""
""
""
""
""
""
""
""
""
""
""
""
""
""
""
""
""
""
""
""
""
""
""
""
""
""
""
""
""
""
""
""
""
""
""
""
""
""
""
""
""
""
""
""
""
""
""
""
DAB (Distributeur automatique de billets);Pas-de-Calais;62;Hauts-de-France;32;
""
""
""
""
""
""
""
""
""
""
""
""
""
""
""
""
""
""
""
""
""
""
""
Bornes électriques;Bouches-du-Rhône;13;Provence-Alpes-Côte d'Azur;93;
""
""
""
""
""
""
""
""
""
""
""
""
""
""
""
""
""
""
""
""
""
""
""
""
""
""
""
""
""
""
""
""
""
""
""
""
""
""
""
""
""
""
""
""
""
""
""
""
""
""
""
""
""
""
""
""
""
""
""
""
""
""
""
""
""
""
""
""
""
""
""
""
""
""
""
""
""
""
""
""
""
""
""
""
""
""
""
""
""
""
""
""
""
""
""
""
""
""
""
""
""
""
""
""
""
""
""
""
""
""
""
""
""
""
""
""
""
""
""
""
""
""
""
""
""
""
""
""
""
""
""
""
""
""
""
""
""
""
""
""
""
""
""
""
""
""
""
""
""
""
""
""
""
""
""
""
""
""
""
""
""
""
""
""
""
""
""
Automate CB 24/24;Seine-et-Marne;77;Île-de-France;11;Automate-24-24
""
""
""
""
""
""
""
""
""
""
""
""
""
DAB (Distributeur automatique de billets);Loire;42;Auvergne-Rhône-Alpes;84;
""
""
""
""
""
""
""
""
""
""
""
""
""
""
""
""
""
""
""
""
""
""
""
""
""
""
""
""
""
""
""
""
""
""
""
""
""
""
""
""
""
""
""
""
""
""
""
""
""
""
""
""
""
""
""
""
""
""
""
""
""
""
""
""
""
""
""
""
""
""
""
""
""
""
""
""
""
""
""
""
""
""
""
""
""
""
""
""
""
""
""
""
""
""
""
""
""
""
""
""
""
""
""
""
""
""
""
""
""
""
""
""
""
""
""
DAB (Distributeur automatique de billets);Loir-et-Cher;41;Centre-Val de Loire;24;
""
""
""
""
""
""
""
""
""
""
""
""
""
""
""
""
""
""
""
""
""
""
""
""
""
""
""
""
""
""
""
""
""
""
""
""
""
""
""
""
""
""
""
""
""
""
""
""
""
""
""
""
""
""
""
""
""
""
""
""
""
""
""
""
""
""
""
""
""
""
""
""
""
""
""
""
""
""
""
""
""
""
""
""
""
""
""
""
""
""
""
""
 Propane);Marne;51;Grand Est;44;
""
""
""
""
""
""
""
""
""
""
""
""
""
""
""
DAB (Distributeur automatique de billets);Isère;38;Auvergne-Rhône-Alpes;84;Automate-24-24
""
""
""
""
""
""
""
""
""
""
""
""
""
""
""
""
""
""
""
""
""
""
""
""
""
""
""
""
""
""
""
""
""
""
""
""
""
""
""
DAB (Distributeur automatique de billets);Loire-Atlantique;44;Pays de la Loire;52;Automate-24-24
""
""
""
DAB (Distributeur automatique de billets);Deux-Sèvres;79;Nouvelle-Aquitaine;75;Automate-24-24
""
""
""
""
""
""
""
""
""
""
""
""
""
""
""
""
DAB (Distributeur automatique de billets);Nord;59;Hauts-de-France;32;Automate-24-24
""
""
 Propane);Bouches-du-Rhône;13;Provence-Alpes-Côte d'Azur;93;
""
""
""
""
""
""
""
""
""
""
""
""
""
""
""
""
""
""
""
""
""
""
""
""
""
DAB (Distributeur automatique de billets);Essonne;91;Île-de-France;11;
DAB (Distributeur automatique de billets);Seine-et-Marne;77;Île-de-France;11;Automate-24-24
""
""
""
""
""
""
""
""
""
""
""
""
""
""
""
""
""
""
""
""
""
""
""
""
""
""
""
""
""
""
""
""
""
""
""
""
""
""
""
""
""
""
""
""
""
""
""
""
""
""
""
""
Automate CB 24/24;Vaucluse;84;Provence-Alpes-Côte d'Azur;93;Automate-24-24
""
""
""
""
""
""
""
Automate CB 24/24;Haut-Rhin;68;Grand Est;44;Automate-24-24
""
""
""
""
""
""
""
""
""
""
""
""
""
""
""
""
""
""
""
""
DAB (Distributeur automatique de billets);Finistère;29;Bretagne;53;Automate-24-24
Automate CB 24/24;Lozère;48;Occitanie;76;Automate-24-24
""
""
""
""
""
""
""
""
""
""
""
""
""
""
 Dimanche01.00-01.00
""
""
""
""
""
""
""
""
""
""
""
""
""
""
""
""
""
""
""
""
""
""
""
""
""
""
""
""
""
""
""
""
""
""
""
""
""
""
""
""
""
""
""
""
""
""
""
""
""
""
""
""
DAB (Distributeur automatique de billets);Vendée;85;Pays de la Loire;52;Automate-24-24
""
""
""
""
""
""
""
""
""
""
""
 Dimanche09.15-12.30
""
""
""
""
""
""
""
""
""
""
DAB (Distributeur automatique de billets);Dordogne;24;Nouvelle-Aquitaine;75;
""
""
""
""
""
""
""
DAB (Distributeur automatique de billets);Haute-Savoie;74;Auvergne-Rhône-Alpes;84;Automate-24-24
""
""
""
""
""
""
""
""
""
""
""
""
""
""
""
""
""
""
""
""
""
""
""
""
""
""
""
""
""
Automate CB 24/24;Indre;36;Centre-Val de Loire;24;Automate-24-24
""
Automate CB 24/24;Hérault;34;Occitanie;76;Automate-24-24
""
""
""
""
""
""
""
""
""
""
""
""
""
""
""
""
""
""
""
DAB (Distributeur automatique de billets);Loire-Atlantique;44;Pays de la Loire;52;
DAB (Distributeur automatique de billets);Côtes-d'Armor;22;Bretagne;53;
""
""
""
""
""
""
""
""
""
""
""
""
""
""
""
""
""
